"year","guns_sold"
2000,7.8606e+06
2001,8.01591e+06
2002,7.066e+06
2003,7.05602e+06
2004,7.35101e+06
2005,7.72832e+06
2006,8.21424e+06
2007,8.57576e+06
2008,9.43724e+06
2009,1.00064e+07
2010,9.73342e+06
2011,1.11613e+07
2012,1.42646e+07
2013,1.53507e+07
2014,1.33678e+07
2015,1.45793e+07
